<?xml version="1.0" encoding="UTF-8"?><SLA Version="1.0"><TxList><Tx>click_chooseflight</Tx><Tx>vuser_end_Transaction</Tx><Tx>UC_1_BuyAndCheckTickets</Tx><Tx>login</Tx><Tx>click_itinerary</Tx><Tx>UC_3_CancelTicket</Tx><Tx>click_pay</Tx><Tx>vuser_init_Transaction</Tx><Tx>go_to_site</Tx><Tx>choose_and_cancel_itinerary</Tx><Tx>UC_2_BuyTicket</Tx><Tx>click_findflight</Tx><Tx>logout</Tx><Tx>UC_4_CheckTicketCost</Tx><Tx>UC_5_LoginAndLogout</Tx><Tx>Action_Transaction</Tx><Tx>click_flights</Tx></TxList><SLARules><TrackingPeriodType>Default</TrackingPeriodType><TrackingPeriodValue></TrackingPeriodValue><TrackingPeriodTimeScale></TrackingPeriodTimeScale></SLARules></SLA>